Chinese	Pinyin	English
我可以从她的眼睛里看出她的喜悦。	wǒ kěyǐ cóng tā de yǎnjing lǐ kànchū tā de xǐyuè	I can see her gladness in her eyes.
我已经准备好与你较量力气。	wǒ yǐjīng zhǔnbèi hǎo yǔ nǐ jiàoliàng lìqi	I'm ready to match my strength against yours.
再呆10个星期，一共3个月。	zài dāi gè xīngqī yīgòng gè yuè	Another ten weeks three months altogether.
你能把那一点指出来，我感到很高兴。	nǐ néng bǎ nà yīdiǎn zhǐchū lái wǒ gǎndào hěn gāoxìng	I'm glad you raised that point.
我喜欢唱歌，更不用说听音乐了。	wǒ xǐhuan chànggē gèng bùyòng shuō tīng yīnyuè le	I enjoy singing, much more listening to music.
我可不喜欢整天和他在一起。	wǒ kě bù xǐhuan zhěngtiān hé tā zàiyīqǐ	I'm not too enamored with the idea of spending a whole day with him.
她喜欢炫耀她的精美衣服。	tā xǐhuan xuànyào tā de jīngměi yīfu	She likes to show off her fine clothes.
让她走，别阻拦她。	ràng tā zǒu bié zǔlán tā	Let her go. Don't stop her.
他哄她同意带她去看电影。	tā hǒng tā tóngyì dài tā qù kàn diànyǐng	He coaxed her into letting him take her to the cinema.
成功和财富改变了他的性格。	chénggōng hé cáifù gǎibiàn le tā de xìnggé	Success and wealth transformed his character.
您想让我现在开饭吗?	nín xiǎng ràng wǒ xiànzài kāifàn ma	Do you wish me to serve dinner now?
如果你再迟到，老板就会把你解雇。	rúguǒ nǐ zài chídào lǎobǎn jiù huì bǎ nǐ jiěgù	If you are late again the boss will give you the sack.
他的财产被他叔叔霸占了。	tā de cáichǎn bèi tā shūshu bàzhàn le	His property was seized on by his uncle.
我明天晚上来.	wǒ míngtiān wǎnshang lái	I'll come round tomorrow evening.
我们在那儿几乎没看见学生。	wǒmen zàinar jīhū méi kànjiàn xuésheng	We saw few students there.
你必须专心学习。	nǐ bìxū zhuānxīn xuéxí	You must pay attention to your study.
我儿子生病时，丈夫给了我极大的安慰。	wǒ érzi shēngbìng shí zhàngfu gěi le wǒ jídà de ānwèi	My husband was a great comfort to me when my son was ill.
我的护照再过两个月就到期了。	wǒ de hùzhào zài guò liǎng gè yuè jiù dàoqī le	My passport is due to expire in two months.
我们还以为那是最坏的情况呢，可没想到更糟的还在后面。	wǒmen hái yǐwéi nàshi zuì huài de qíngkuàng ne kě méixiǎngdào gèng zāo de hái zài hòumian	We thought that the situation was as bad as it could be, but worse was to follow.
我们喜欢看海豚的表演。	wǒmen xǐhuan kàn hǎitún de biǎoyǎn	We like to see the performance of dolphins.
我的狗不在旁边我就很寂寞。	wǒ de gǒu bùzài pángbiān wǒ jiù hěn jìmò	I feel very lonely without my dog.
我无论如何是会去的。	wǒ wúlùnrúhé shì huì qù de	I will go whether or no.
你打算做什么?	nǐ dǎsuàn zuò shénme	What do you plan to do?
他得到越多，想要的也越多。	tā dédào yuè duō xiǎngyào de yě yuè duō	The more he has, the more he wants.
她最主要的品质是善良。	tā zuì zhǔyào de pǐnzhì shì shànliáng	Her most essential quality is kindness.
她即使在最糟糕的时候也总是非常乐观.	tā jíshǐ zài zuì zāogāo de shíhou yě zǒngshì fēicháng lèguān	She was always optimistic, even when things were at their worst.
难怪她病了，她几乎什么都没吃。	nánguài tā bìng le tā jīhū shénme dōu méi chī	No wonder she's ill. She eats next to nothing.
他的时间排得很满，学生根本无法和他接触。	tā de shíjiān pái dehěn mǎn xuésheng gēnběn wúfǎ hé tā jiēchù	His busy schedule made him completely inaccessible to his students.
她的聪颖是不言而喻的。	tā de cōngyǐng shì bùyán'éryù de	Her intelligence is self-evident.
这只狗开始生病并且很快就死了。	zhè zhǐ gǒu kāishǐ shēngbìng bìngqiě hěn kuài jiù sǐ le	The dog began to sicken and soon died.
我不敢去想她知道真相后会怎么样。	wǒ bù gǎn qù xiǎng tā zhīdào zhēnxiàng hòu huì zěnmeyàng	I dread to think what will happen if she finds out the truth.
我们用他给我们带来的面粉做了一些面包。	wǒmen yòng tā gěi wǒmen dàilái de miànfěn zuò le yīxiē miànbāo	We made some bread with the flour he bought for us.
我觉得我很空虚。	wǒ juéde wǒ hěn kōngxū	I feel I am in emptiness.
那城市有自己的公用图书馆和公园。	nà chéngshì yǒu zìjǐ de gōngyòng túshūguǎn hé gōngyuán	The town has its own public library and public gardens.
他去邮局买些邮票。	tā qù yóujú mǎi xiē yóupiào	He went to the post-office to buy some stamps.
多亏您们的帮助，我们才成功完成了工作。	duōkuī nín men de bāngzhù wǒmen cái chénggōng wánchéng le gōngzuò	Owing to you help, we have just successfully completed work.
有了它真是方便。	yǒule tā zhēnshi fāngbiàn	It really comes in handy.
他沉思着过去的生活。	tā chénsī zhe guòqu de shēnghuó	He meditates on his past life.
我不完全理解他离开的理由。	wǒ bù wánquán lǐjiě tā líkāi de lǐyóu	I don't fully understand his reasons for leaving.
空想的想象的；不真实的；爱空想的	kōngxiǎng de xiǎngxiàng de bù zhēnshí de ài kōngxiǎng de	Imaginary; unreal; fanciful.
他把所有的时间都用在做纵横填字游戏和其他无聊的活动上.	tā bǎ suǒyǒu de shíjiān dōu yòng zài zuò zònghéng tián zì yóuxì hé qítā wúliáo de huódòng shàng	He spends all his time on crosswords and other trifles.
她终于嫁给了最执着追求她的人。	tā zhōngyú jià gěi le zuì zhízhuó zhuīqiú tā de rén	She eventually married the most persistent one of her admirers.
我通常大概7点起床。	wǒ tōngcháng dàgài diǎn qǐchuáng	I used to get up at about seven.
爱情是盲目的。	àiqíng shì máng mùdì	Love is blind.
他是我认识的最可憎的人。	tā shì wǒ rènshi de zuì kězēng de rén	He is the most obnoxious man I know.
我珍惜你的友谊。	wǒ zhēnxī nǐ de yǒuyì	I treasure your friendship.
你喜欢流行音乐吗？	nǐ xǐhuan liúxíngyīnyuè ma	Do you like popular music?
他的钱是我的三倍还不止。	tā de qián shì wǒ de sānbèi hái bùzhǐ	He has more than three times my money.
不论你在哪里，我都会想念你。	bùlùn nǐ zài nǎlǐ wǒ dūhuì xiǎngniàn nǐ	Wherever you are, I will miss you.
你的意见是否代表其他学生的意见？	nǐ de yìjiàn shìfǒu dàibiǎo qítā xuésheng de yìjiàn	Are your opinions representative of the other students?
他胃不舒服。	tā wèi bùshūfu	He has an upset stomach.
他叫侍者拿菜单来。	tā jiào shìzhě ná càidān lái	He called the waiter to bring the menu.
我虽然很喜欢她，却不打算娶她。	wǒ suīrán hěn xǐhuan tā què bù dǎsuàn qǔ tā	Much as I like her, I won't marry her.
我们会尽力来达到世界水平。	wǒmen huì jìnlì lái dádào shìjiè shuǐpíng	We'll do all we can to catch up the world level.
我不知道这个对你的意义有这么大。	wǒ bù zhīdào zhège duì nǐ de yìyì yǒu zhème dà	I didn't realize how much this meant to you.
我知道发生了什么事。	wǒ zhīdào fāshēng le shénmeshì	I know what happened.
有要紧的事把他叫走了。	yǒu yàojǐn de shì bǎ tā jiào zǒu le	Something urgent has called him away.
刚才你男朋友给你打电话了。	gāngcái nǐ nánpéngyou gěi nǐ dǎdiànhuà le	Your boyfriend called you just now.
狄更斯是他最喜欢的作家、	Dígēngsī shì tā zuì xǐhuan de zuòjiā	Dickens is his favorite author.
谁把我写在黑板上的数字擦掉了?	shéi bǎ wǒ xiě zài hēibǎn shàng de shùzì cādiào le	Who's rubbed my figures off the blackboard?
没关系。有什么事？	méiguānxi yǒu shénmeshì	It doesn't matter. What's up?
她对服装有很好的审美眼光。	tā duì fúzhuāng yǒu hěn hǎo de shěnměiyǎnguāng	She has good taste in clothes.
丹在学校是个好学生；我们期望他经商成功。	dān zài xuéxiào shì gè hǎo xuésheng wǒmen qīwàng tā jīngshāng chénggōng	Dan was a good student at school; we expect him to go places in business.
他那有趣的表演引起了观众的哄堂大笑。	tā nà yǒuqù de biǎoyǎn yǐnqǐ le guānzhòng de hōngtángdàxiào	His amusing performance caused a roar of laughter in the audience.
现在的时装和我还是小女孩时候流行的样子很不一样了。	xiànzài de shízhuāng hé wǒ háishi xiǎo nǚhái shíhou liúxíng de yàngzi hěn bùyīyàng le	Fashions have changed a lot since I was a little girl.
我们的身体需要充足的营养。	wǒmen de shēntǐ xūyào chōngzú de yíngyǎng	Our bodies need adequate nutrition.
我记得她长着红头发。	wǒ jìde tā cháng zhe hóng tóufa	I recollect that she had red hair.
他请求他母亲答应他去看马戏。	tā qǐngqiú tā mǔqīn dāying tā qù kàn mǎxì	He pleaded with his mother to allow him to go to the circus.
他几乎破产了。	tā jīhū pòchǎn le	He is practically ruined.
他有早起的习惯。	tā yǒu zǎoqǐ de xíguàn	He is in the habit of rising early.
你永远应该以搞好你的工作为目的。	nǐ yǒngyuǎn yīnggāi yǐ gǎohǎo nǐ de gōngzuò wéi mùdì	You should always aim at doing your job well.
要不然他还会在教书，因为他的心仍然在课堂上和他的学生们在一起。	yàobùrán tā hái huì zài jiāoshū yīnwèi tā de xīn réngrán zài kètáng shàng hé tā de xuésheng men zàiyīqǐ	Otherwise he would still be teaching, because his heart and soul were still in the classroom with his students.
他一再说他很忙。	tā yīzài shuō tā hěn máng	He repeated several times that he was busy.
你以为你在跟谁说话？	nǐ yǐwéi nǐ zài gēn shéi shuōhuà	Who do you think you're talking to?
你没有认识到她这一成就的重大意义。	nǐ méiyǒu rènshi dào tā zhè yī chéngjiù de zhòngdà yìyì	You haven't realized the magnitude of her achievement.
你知道谁打破了窗户？	nǐ zhīdào shéi dǎpò le chuānghu	Do you know who broke the window?
她不知道以后等待她的将是什么命运。	tā bù zhīdào yǐhòu děngdài tā de jiāng shì shénme mìngyùn	She wondered what fate had in store for her next.
一般人也许会嘲笑他的音乐，但我们更了解它。	yībānrén yěxǔ huì cháoxiào tā de yīnyuè dàn wǒmen gèng liǎojiě tā	The multitude may laugh at his music, but we know better.
可能的话，她想跟我们一起去。	kěnéng dehuà tā xiǎng gēn wǒmen yīqǐ qù	If possible, She wants to go with us.
我只关心我觉得对我很重要的事物。	wǒ zhǐ guānxīn wǒ juéde duì wǒ hěn zhòngyào de shìwù	I am concerned only with things that I feel are important to me.
你只要问他，他就会告诉你。	nǐ zhǐyào wèn tā tā jiù huì gàosu nǐ	You have only to ask and he'll tell you.
仍有许多人的生活条件是很艰苦的。	réng yǒu xǔduō rén de shēnghuó tiáojiàn shì hěn jiānkǔ de	There are still many people whose living conditions are miserable.
我觉得这是个合理的建议，但他不同意。	wǒ juéde zhè shì gè hélǐ de jiànyì dàn tā bùtóng yì	I thought it was a reasonable proposal, but he didn't agree.
他走了，把所有没做完的工作都留给了我。	tā zǒu le bǎ suǒyǒu méi zuòwán de gōngzuò dōu liúgěi le wǒ	He was gone and left all the work undone to me.
我的新秘书很好，确实是难得的人才。	wǒ de xīn mìshū hěn hǎo quèshí shì nándé de réncái	My new secretary is very good; quite a find, in fact.
是的，这事我知道，谢谢。	shìde zhè shì wǒ zhīdào xièxie	Yes, I know that, thanks.
我要去购物，因为我需要买些日用品。	wǒ yào qù gòuwù yīnwèi wǒ xūyào mǎi xiē rìyòngpǐn	I'm going shopping because I need to buy some daily necessities.
刘师傅把每道工序做给我们看，然后让我们自己干。	Liú shīfu bǎ měi dào gōngxù zuò gěi wǒmen kàn ránhòu ràng wǒmen zìjǐ gàn	Master Liu demonstrated to us each process, and let us do it ourselves.
我不喜欢我那单调乏味的工作。	wǒ bù xǐhuan wǒ nà dāndiàofáwèi de gōngzuò	I do not like my monotonous work.
他的想法和我的不一致。	tā de xiǎngfǎ hé wǒ de bù yīzhì	His ideas do not conform to mine.
那就说明了她不在这里的原因。	nà jiù shuōmíng le tā bùzài zhèlǐ de yuányīn	That explains why she is not here.
这三个人根据各自的能力被分配了工作。	zhè sān gèrén gēnjù gèzì de nénglì bèi fēnpèi le gōngzuò	The three men were given work according to their respective abilities.
把这本书给她。	bǎ zhè běn shū gěi tā	Give her the book.
他向我提了一些很好的意见。	tā xiàng wǒ tí le yīxiē hěn hǎo de yìjiàn	He gave me some good advice.
他是个很难对付的人。	tā shì gè hěn nán duìfu de rén	He was a difficult man to deal with.
我们的地位可以改善。	wǒmen de dìwèi kěyǐ gǎishàn	Our position is capable of improvement.
他为我演奏了他的许多乐曲。	tā wéi wǒ yǎnzòu	He played many of his compositions for me.
在一些问题上，他仍然保留自己的意见。	zài yīxiē wèntí shàng tā réngrán bǎoliú zìjǐ de yìjiàn	He still reserved his opinion on some points.
你撞到了我的手肘，弄坏了我正在画的图画。	nǐ zhuàng dàoliǎo wǒ de shǒuzhǒu nònghuài le wǒ zhèngzài huà de túhuà	You jogged my elbow and spoiled what I was drawing.
听到这消息我很高兴。	tīngdào zhè xiāoxi wǒ hěn gāoxìng	I'm glad to hear that
这是谁的钢笔？	zhè shì shéi de gāngbǐ	Whose pen is this?
这是他最不可能做的尝试。	zhè shì tā zuì bùkěnéng zuò de chángshì	This is the last attempt (that) he would make.
这幅画被他看中了，所以他就把他买了下来。	zhè fú huà bèi tā kànzhòng le suǒyǐ tā jiù bǎ tā mǎi le xiàlai	The painting took his fancy, so he bought it.
我这就上路。	wǒ zhè jiù shànglù	I'm on my way.
你知道你在做什么吗？	nǐ zhīdào nǐ zài zuò shénme ma	What do you think you are doing?
你的生活目标是什么？	nǐ de shēnghuó mùbiāo shì shénme	What is your aim in life?
他一辈子都住在这里。	tā yībèizi dōu zhù zài zhèlǐ	He all lives here all one's life.
我把这本书从头到尾看完了。	wǒ bǎ zhè běn shū cóngtóudàowěi kàn wán le	I've read the book from beginning to end.
我还没来得及给他盖好被子，他就睡着了。	wǒ hái méi láidejí gěi tā gài hǎo bèizi tā jiù shuìzháo le	He was asleep before I tucked him in.
她往餐具柜里放了些盘子。	tā wǎng cānjù guì lǐ fàng le xiē pánzi	She put some plates in the sideboard.
她非常文雅，吃蛋糕一定用小叉子。	tā fēicháng wényǎ chī dàngāo yīdìng yòng xiǎo chāzi	She's so refined that she always eats cake with a little fork.
我的朋友告诉我她住的地方文化生活贫乏。	nà wèi zhíyuán yòng suànpán jiāng shàngzhōu de huāxiāo jìsuàn chūlái	My friend told me that the place she live is a cultural wasteland.
请帮我喂我的猫好吗？	qǐng bāng wǒ wèi wǒ de māo hǎo ma	Will you feed my cat for me?
他愉快地跟我们打招呼。	tā yúkuài dì gēn wǒmen dǎzhāohu	He gave us a cheery greeting.
只要我身体好一定来。	zhǐyào wǒ shēntǐ hǎo yīdìng lái	I will come provided that I am well enough.
我正在用我新买的煎锅做苹果馅饼。	wǒ zhèngzài yòng wǒ xīn mǎi de jiānguō zuò píngguǒxiànbǐng	I am cooking apple pies with my newly bought frying pan.
我们的要求的核心是言论自由。	wǒmen de yāoqiú de héxīn shì yánlùnzìyóu	The core of our appeal is freedom of speech.
把你们的名字写在名单上。	bǎ nǐmen de míngzi xiě zài míngdān shàng	Stick down your names on the list.
我们决定为我们的新产品做广告。	wǒmen juédìng wéi wǒmen de xīnchǎnpǐn zuò guǎnggào	We decided to advertise our new product.
我十分乐意为你做任何事情。	wǒ shífēn lèyì wéi nǐ zuò rènhé shìqing	I am quite willing to do anything for you.
瓶子里装满了水。	píngzi lǐ zhuāngmǎn le shuǐ	The bottle is full of water.
由于他的参与，我们赢了比赛。	yóuyú tā de cānyù wǒmen yíng le bǐsài	We win the game because of his participation.
我证明他已经收到了你的钱。	wǒ zhèngmíng tā yǐjīng shōu dàoliǎo nǐ de qián	I certify that he has received your money.
妈妈准备了好吃的东西给我。	māma zhǔnbèi le hǎochī de dōngxi gěi wǒ	Mother has something delicious in store for me.
我很倒霉，丢了钥匙。	wǒ hěn dǎoméi diū le yàoshi	I was unfortunate to lose my keys.
那把椅子原本是为你准备的，但是被她拿走了。	nà bǎ yǐzi yuánběn shì wéi nǐ zhǔnbèi de dànshì bèi tā názǒu le	The chair was intended for you, but she took it away.
我今天提早工作都做完了，但是别人都还在工作，我不好意思回家。	wǒ jīntiān tízǎo gōngzuò dōu zuòwán le dànshì biéren dōu hái zài gōngzuò wǒ bùhǎoyìsi huíjiā	I have gotten my work all done ahead of time today, but I'd feel guilty going home while everybody else is still work.
我一觉醒来，发现我所有的衣服不翼而飞。	wǒ yījiàoxǐnglái fāxiàn wǒ suǒyǒu de yīfu bùyì'érfēi	I awoke from sleep to find that all my clothes had disappeared.
亲爱的，把脸转过去，这场面不适合你看。	qīn'ài de bǎ liǎn zhuàn guòqu zhè chǎngmiàn bù shìhé nǐ kàn	Look away dear, the sight is not fit for your eyes.
老师以嘶哑的声音说话。	lǎoshī yǐ sīyǎ de shēngyīn shuōhuà	The teacher speaks with a husky voice.
我离开巴黎已经两星期了。	wǒ líkāi Bālí yǐjīng liǎngxīngqī le	I have been away from Paris for two weeks.
我不知道他是否愿意来。	wǒ bù zhīdào tā shìfǒu yuànyì lái	I don't know whether he is willing to come.
他的妻子知道在他生气时怎么对付他。	tā de qīzi zhīdào zài tā shēngqì shí zěnme duìfu tā	His wife knows how to manage him when he is angry.
我可以用信用卡付款吗？	wǒ kěyǐ yòng xìnyòngkǎ fùkuǎn ma	May I pay by credit card?
他爷爷快七十岁了。	tā yéye kuài qīshí suì le	His grandfather is nearly seventy.
他给我显示了大厦的模型。	tā gěi wǒ xiǎnshì le dàshà de móxíng	He showed me the miniature of the mansion.
我相信他天生是要当军人的。	wǒ xiāngxìn tā tiānshēng shì yào dāng jūnrén de	I believe he is meant to be a soldier.
我给我儿子买了为儿童改编的莎士比亚剧本。	wǒ gěi wǒ érzi mǎi le wéi értóng gǎibiān de Shāshìbǐyà jùběn	I bought my son an adaptation for children of a play by Shakespeare.
他最初的反应是不同意。可是後来他改变了主意。	tā zuìchū de fǎnyìng shì bùtóng yì kěshì hòu lái tā gǎibiàn le zhǔyi	His first response was to say no. Later, however, he changed his mind.
自从我们在学校认识之后，我们就一直是好朋友。	zìcóng wǒmen zài xuéxiào rènshi zhīhòu wǒmen jiù yīzhí shì hǎopéngyou	We've been friends ever since we met at school.
他的样子和他在电话中说话的声音反映的病情是一样的。	tā de yàngzi hé tā zài diànhuà zhōng shuōhuà de shēngyīn fǎnyìng de bìngqíng shì yīyàng de	He looks as ill as he sounded on the phone.
不跟你父亲打个招呼就走是非常不合适的。	bù gēn nǐ fùqīn dǎ gè zhāohu jiù zǒu shì fēicháng bùhéshì de	To go away without telling your father is most irregular.
有一天我在去我叔叔家的路上迷失了方向。	yǒu yī tiān wǒ zài qù wǒ shūshu jiāde lùshang míshī le fāngxiàng	One day I lost myself on the way to my uncle's house.
你税后的工资是多少？	nǐ shuìhòu de gōngzī shì duōshao	What are your earnings after tax?
这是我买过的最奢侈的东西.	zhè shì wǒ mǎi guò de zuì shēchǐ de dōngxi	It was the most extravagant purchase I have ever made.
我非常想念你。	wǒ fēicháng xiǎngniàn nǐ	I miss you very much.
他努力控制住自己的脾气。	tā nǔlì kòngzhì zhù zìjǐ de píqi	He struggled to control his temper.
我们都支持他的科学研究。	wǒmen dōu zhīchí tā de kēxuéyánjiū	We all support his scientific research.
他和他的大哥一样聪明。	tā hé tā de dàgē yīyàng cōngming	He is no less clever than his elder brother.
我相信他的誓言。	wǒ xiāngxìn tā de shìyán	I believe his troth.
他被树立为我们的榜样。	tā bèi shùlì wéi wǒmen de bǎngyàng	He was set up as our example.
你的衣服是什么颜色？	nǐ de yīfu shì shénme yánsè	What color is your dress?
我是最不可能去尝试回答这个问题。	wǒ shì zuì bùkěnéng qù chángshì huídá zhège wèntí	I would be the last to attempt to answer the question.
我怎样才能使你相信我的诚意呢？	wǒ zěnyàng cáinéng shǐ nǐ xiāngxìn wǒ de chéngyì ne	How can I persuade you of my sincerity!
熊猫是珍贵的动物。	xióngmāo shì zhēnguì de dòngwù	Pandas are precious creatures.
他的工作符合了我们的期望。	tā de gōngzuò fúhé le wǒmen de qīwàng	His work comes up to what we expect of him.
她同情他的困苦。	tā tóngqíng tā de kùnkǔ	She sympathized with him in his afflictions.
我怀疑，不，我肯定他错了。	wǒ huáiyí bù wǒ kěndìng tā cuò le	I suspect, nay, I am certain, that he is wrong.
我们这里的天气多半是暖和的。	wǒmen zhèlǐ de tiānqì duōbàn shì nuǎnhuo de	Our weather has been mostly warm.
他喜欢拿他的同学开玩笑。	tā xǐhuan ná tā de tóngxué kāiwánxiào	He likes playing jokes on his classmates.
能和你在一起对我是件极为安慰的事。	néng hé nǐ zàiyīqǐ duì wǒ shì jiàn jíwéi ānwèi de shì	Your company has been a great consolation to me.
多保重。再见。	duō bǎozhòng zàijiàn	Take care. bye!
只要你不出卖我，要我做什么我都愿意。	zhǐyào nǐ bù chūmài wǒ yào wǒ zuò shénme wǒ dōu yuànyì	As long as you don't betray me, I'll do whatever you ask me to (do).
他每次度假都会带他的狗去。	tā měicì dùjià dūhuì dài tā de gǒu qù	He never goes on a vacation but he takes his pet dog.
他昨天打扫房间吗？	tā zuótiān dǎsǎo fángjiān ma	Did he clean the room yesterday?
我将打电话告诉你测验的结果。	wǒ jiāng dǎdiànhuà gàosu nǐ cèyàn de jiéguǒ	I'll phone the result of the test to you.
我不知道他的动力是什么。	wǒ bù zhīdào tā de dònglì shì shénme	I don't understand what his motive is.
别哭，你现在已经是大男孩了。	bié kū nǐ xiànzài yǐjīng shì dà nánhái le	Don't cry, you are a big boy now.
她在医院里接受了全面检查。	tā zài yīyuàn lǐ jiēshòu le quánmiàn jiǎnchá	She underwent a thorough examination at the hospital.
那可简化了我的工作。	nà kě jiǎnhuà le wǒ de gōngzuò	That will simplify my task.
我把赚的钱都花光了。	wǒ bǎ zhuàn de qián dōu huāguāng le	I've spent all my earnings.
他和我力气一样大.	tā hé wǒ lìqi yīyàng dà	He's my equal in strength.
无忧无虑的无忧无虑的和不关心的；快活的	wúyōuwúlǜ de wúyōuwúlǜ de hé bù guānxīn de kuàihuo de	Carefree and nonchalant; jaunty.
他被拘留了。	tā bèi jūliú le	He is under arrest.
老师对他的学生非常严格。	lǎoshī duì tā de xuésheng fēicháng yángé	The teacher is very strict with his students.
她讨厌他到不和他讲话的程度。	tā tǎoyàn tā dào bùhé tā jiǎnghuà de chéngdù	She hates him to the point of not talking to him.
如果阁下愿意给我时间，我就能拿出证据来。	rúguǒ géxià yuànyì gěi wǒ shíjiān wǒ jiù néng náchū zhèngjù lái	If your Lordship will give me time, I will produce the evidence.
他没完没了的谈话妨碍了我的学习。	tā méiwánméiliǎo de tánhuà fáng'ài le wǒ de xuéxí	His endless talking hinders me from my study.
我们刚才看见的那位同志是你的老师吗？	wǒmen gāngcái kànjiàn de nà wèi tóngzhì shì nǐ de lǎoshī ma	Be the comrade whom we see just now your teacher?
我们正向家的方向走去。	wǒmen zhèng xiàng jiāde fāngxiàng zǒuqù	We are heading home.
她对她的孩子们很严格。	tā duì tā de háizimen hěn yángé	She is strict with her children.
真让我失望。	zhēn ràng wǒ shīwàng	I'm very disappointed.
他正在上初中。	tā zhèngzài shàng chūzhōng	He is studying at a junior middle school.
你一定会被那美丽的景象所感动的。	nǐ yīdìng huì bèi nà měilì de jǐngxiàng suǒ gǎndòng de	You will never fail to be moved by the beauty of the sight.
我与这外宾的关系很好。	wǒ yǔ zhè wàibīn de guānxi hěn hǎo	I am on good terms with this foreign friend.
今天的报纸上有一篇关于办公室里的性骚扰的报道。	jīntiān de bàozhǐ shàng yǒu yī piān guānyú bàngōngshì lǐ de xìngsāorǎo de bàodào	There is a report about a sexual harassment in the office on this newspaper.
他总是用这样得方式说话，所以每个人都讨厌他。	tā zǒngshì yòng zhèyàng dé fāngshì shuōhuà suǒyǐ měigerén dōu tǎoyàn tā	He always talks in such a way that everyone dislikes him.
当她看到他走过来的时候，她的脸亮了起来。	dāng tā kàn dào tā zǒuguò lái de shíhou tā de liǎn liàng le qilai	Her face lit up when she saw he was coming.
他最喜欢吃的菜是烤鸭。	tā zuì xǐhuan chī de cài shì kǎoyā	His favorite dish is roast duck.
我不和我的老板谈私事。	wǒ bùhé wǒ de lǎobǎn tán sīshì	I don't talk with my boss about my private matters.
我因为严寒没出去看电影。	wǒ yīnwèi yánhán méi chūqù kàn diànyǐng	I did not go to the cinema because of the intense cold.
我喜欢节奏快的音乐。	wǒ xǐhuan jiézòu kuài de yīnyuè	I like fast music.
她那抑郁的心情一会儿就过去了。	tā nà yìyù de xīnqíng yīhuìr jiù guòqu le	Her feeling of depression was transient.
我的部分工作是同我们的供应商保持良好的关系。	wǒ de bùfen gōngzuò shì tóng wǒmen de gōngyìngshāng bǎochí liánghǎo de guānxi	Part of my job is to maintain good relationship with our suppliers.
我一直在四处寻找它。	wǒ yīzhí zài sìchù xúnzhǎo tā	I have been seeking it all round.
我真诚地希望他能接受别人的批评。	tā dāngshí kànqǐlái hǎoxiàng shénmeshì dōu méi fāshēng shìde	I sincerely hope that he can accept the criticism of others.
在空白栏中写上你的名字。	zài kòngbái lán zhōng xiě shàng nǐ de míngzi	Write your name in the blank.
我不喜欢读他的文学批评。	wǒ bù xǐhuan dú tā de wénxué pīpíng	I don't like to read his literary criticism.
在年终联欢会季节，晚上是几乎不可能叫到计程车的。	zài niánzhōng liánhuānhuì jìjié wǎnshang shì jīhū bùkěnéng jiào dào jìchéngchē de	It's next to impossible to catch a taxi at night during the year- end party season.
他站起身给自己又倒了点咖啡。	tā zhàn qǐshēn gěi zìjǐ yòu dǎo le diǎn kāfēi	He got up and helped himself to more coffee.
谁翻过我的文件了？	shéi fānguò wǒ de wénjiàn le	Who's been rooting about among my papers?
他老是打扰我.	tā lǎoshi dǎrǎo wǒ	He's constantly disturbing me.
他们的狗把我的裤子咬了个窟窿。	tāmen de gǒu bǎ wǒ de kùzi yǎo le gè kūlong	Their dog bit a hole in my trousers.
那是个复杂得无法解决的问题。	nàshi gè fùzá dé wúfǎ jiějué de wèntí	It's a problem of such perplexity that it was impossible to solve.
你脚上的麻木感一会儿就会消失。	nǐ jiǎo shàng de mámù gǎn yīhuìr jiù huì xiāoshī	The numbness in your foot will soon pass off.
我津津有味地品尝了我妈妈做的鱼。	wǒ jīnjīnyǒuwèi dì pǐncháng le wǒ māma zuò de yú	I tasted the fish my mother cooked with relish.
他带着姐姐一同去。	tā dài zhe jiějie yītóng qù	He took his sister along with him.
她对孩子和动物总是很温柔。	tā duì háizi hé dòngwù zǒngshì hěn wēnróu	She always shows kindness to children and animals.
他的朋友很少，因此他的生活非常孤单。	tā de péngyou hěn shǎo yīncǐ tā de shēnghuó fēicháng gūdān	He has so few friends that his life is lonely.
我恳求你告诉我。	wǒ kěnqiú nǐ gàosu wǒ	I beseech you to tell me.
他把醋洒在鱼和土豆片上。	tā bǎ cù sǎ zài yú hé tǔdòu piàn shàng	He sprinkled vinegar on his fish and chips.
他说话谨慎。	tā shuōhuà jǐnshèn	He is careful in his speech.
我从来不是爱挑拣的人。	wǒ cónglái bùshì ài tiāojiǎn de rén	I'm never one to pick and choose.
我妈妈鼓励我，而且坚持我应该继续我的教育。	wǒ māma gǔlì wǒ érqiě jiānchí wǒ yīnggāi jìxù wǒ de jiàoyù	My mother encouraged me and insisted that I continue my education.
由此可见，你是对的。	yóucǐkějiàn nǐ shì duì de	On the face of it, you are right.
他比我大两岁。	tā bǐ wǒ dà liǎng suì	He is my senior by two years.
他不喜欢自己的宽大的鼻孔。	tā bù xǐhuan zìjǐ de kuāndà de bíkǒng	He dislikes his wide nostrils.
我舒适地靠在大沙发上，开始看小说。	wǒ shūshì dì kào zài dà shāfā shàng kāishǐ kàn xiǎoshuō	I nestled down on the big sofa and began to read novels.
我们得给我们的新房子买些家具。	wǒmen dé gěi wǒmen de xīn fángzi mǎi xiē jiājù	We will buy some furniture for our new house.
我有个简易的方法。	wǒ yǒu gè jiǎnyì de fāngfǎ	I have a simple and easy method.
请你为我翻译一下好吗？	qǐng nǐ wéi wǒ fānyì yīxià hǎo ma	Would you please interpret for me?
他不喜欢吃鱼。	tā bù xǐhuan chī yú	He doesn't care for fish.
他的动机是好的.	tā de dòngjī shì hǎo de	He was acting from the best of motives.
我弄不明白他为什么缺席。	wǒ nòng bù míngbai tā wèishénme quēxí	I can't figure out why he is absent.
他真心诚意地愿意帮助我们。	tā zhēnxīn chéngyì dì yuànyì bāngzhù wǒmen	He has a genuine desire to help us.
你能告诉我你一个月赚多少吗？	nǐ néng gàosu wǒ nǐ yī gè yuè zhuàn duōshao ma	Can you tell me how much you earn a month?
她把我介绍给她的朋友。	tā bǎ wǒ jièshào gěi tā de péngyou	She introduced me to her friend.
他个子小但身体很健康。	tā gèzi xiǎo dàn shēntǐ hěn jiànkāng	He was small and healthily built.
她的秘书处理她的一切约会。	tā de mìshū chǔlǐ tā de yīqiè yuēhuì	Her secretary took care of all her appointments.
我想他会拒绝的。我恰恰认为她是个固执已见的人，做这种事当然不合乎她的习惯。	wǒ xiǎng tā huì jùjué de wǒ qiàqià rènwéi tā shì gè gùzhí yǐ jiàn de rén zuò zhèzhǒng shì dāngrán bù héhū tā de xíguàn	I expected her to refuse. I just thought of her as set in her ways, and this sort of thing certainly wasn't among her habits.
她所有的钱都投放到股票里去了。	tā suǒyǒu de qián dōu tóufàng dào gǔpiào lǐ qù le	She's got all her money in stocks and shares.
我看到他就高兴。	wǒ kàn dào tā jiù gāoxìng	I never see him but I am happy.
我父亲决不会同意我们的婚姻的。	wǒ fùqīn jué bùhuì tóngyì wǒmen de hūnyīn de	My father will never give his consent to our marriage.
她穿上袜子。	tā chuānshang wàzi	She draws on her socks.
有足够的钱的；富裕的	yǒu zúgòu de qián de fùyù de	Having plenty of money; prosperous.
他在明知他的性命有可能受到威胁的情况下接任了那职位。	tā zài míngzhī tā de xìngmìng yǒukěnéng shòudào wēixié de qíngkuàng xià jiē rèn le nà zhíwèi	He took over the post in the knowledge that it might endanger his life.
她向他表示衷心的感谢。	tā xiàng tā biǎoshì zhōngxīn de gǎnxiè	She gave him her heartfelt thanks.
针刺进了她的手指。	zhēncì jìn le tā de shǒuzhǐ	The needle pierced her finger.
你应很好利用宝贵的每一分钟去学习。	nǐ yīng hěn hǎo lìyòng bǎoguì de měiyī fēnzhōng qù xuéxí	You should make good use of every precious minute to study.
她用挖苦的语调和他说话。	tā yòng wākǔ de yǔ tiáohé tā shuōhuà	She talked with him with sarcastic tones.
在院子里我看见两只猫。	zài yuànzi lǐ wǒ kànjiàn liǎng zhǐ māo	I saw a couple of cats in the yard.
他擦去铅笔的痕迹。	tā cā qù qiānbǐ de hénjì	He erases pencil marks.
他总是把时间花在毫无意义的事上。	tā zǒngshì bǎ shíjiān huā zài háowú yìyì de shì shàng	He always spend his time to no purpose.
他喜欢在周末看滑稽剧来放松自己。	tā xǐhuan zài zhōumò kàn huájī jù lái fàngsōng zìjǐ	He likes to watch farces at weekends to relax himself.
这不过是个笑话而已。	zhè bùguò shì gè xiàohuà éryǐ	It is nothing but a joke.
你到底是什么意思?	nǐ dàodǐ shì shénme yìsi	What on earth do you mean?
她讲了一辈子中文。	tā jiǎng le yībèizi Zhōngwén	She has spoken Chinese all her life.
我请他去给我晚报拿来。	wǒ qǐng tā qù gěi wǒ wǎnbào nálái	I asked him to fetch me the evening paper.
物理和数学都是我喜欢的科目.	wùlǐ hé shùxué dōu shì wǒ xǐhuan de kēmù	Physics and maths are my favourite subjects.
听说你的猫死了，我觉得很难过。	tīngshuō nǐ de māo sǐ le wǒ juéde hěn nánguò	I was sorry to hear that your cat had died.
我们大家比以往更需要努力工作。	wǒmen dàjiā bǐ yǐwǎng gèng xūyào nǔlì gōngzuò	It is more necessary than ever for all of us to work hard.
谢谢你给我们送礼物。	xièxie nǐ gěi wǒmen sòng lǐwù	Thank you for the present.
水的密度是1。	shuǐ de mìdù shì	The density of water is 1.
他感冒了。	tā gǎnmào le	He caught a cold.
尽管我知道菠菜对我有益，我还是不喜欢它、	jǐnguǎn wǒ zhīdào bōcài duì wǒ yǒuyì wǒ háishi bù xǐhuan tā	I do not like spinach even though I know it's good for me.
他笑着告诉我这个消息。	tā xiào zhe gàosu wǒ zhège xiāoxi	He told me the news with a laugh.
无论如何，我都支持你。	wúlùnrúhé wǒ dōu zhīchí nǐ	I'll stand by you whatever happens.
她是个守法的公民。	tā shì gè shǒufǎ de gōngmín	She is a lawful citizen.
太糟糕了。	tài zāogāo le	That's too bad.
老师不应该体罚学生。	lǎoshī bù yīnggāi tǐfá xuésheng	A teacher should not give students corporal punishment.
还好。顺便问一下，你母亲怎么样？她好吗？	háihǎo shùnbiàn wèn yīxià nǐ mǔqīn zěnmeyàng tā hǎo ma	Not bad. By the way, how is your mother? Is she all right?
那是个小巧玲珑的开罐头工具。	nàshi gè xiǎoqiǎolínglóng de kāi guàntou gōngjù	It's an artful little gadget for opening tins.
她喜欢各种运动。	tā xǐhuan gèzhǒng yùndòng	She likes all kinds of sports.
我喜欢吃有黄瓜的三明治。	tā láidào Běijīng xiǎng pèng pèngyùnqi	I like to eat cucumber sandwiches.
尽管他帮助过我，可是我还是恨他。	jǐnguǎn tā bāngzhù guò wǒ kěshì wǒ háishi hèn tā	I hate him albeit he helped me.
我想请你下星期日去参加舞会好吗？	wǒ xiǎng qǐng nǐ xià Xīngqīrì qù cānjiā wǔhuì hǎo ma	I would like to invite you to a ball next Sunday.
这件衣服不适合我。	zhè jiàn yīfu bù shìhé wǒ	This dress doesn't fit me.
她经验更丰富，这是她得到那份工作的决定性因素。	tā jīngyàn gèng fēngfù zhè shì tā dédào nà fèn gōngzuò de juédìngxìng yīnsù	Her greater experience tipped the balance in her favour and she got the job.
用功的学生有前途。	yònggōng de xuésheng yǒu qiántú	Promising is a diligent student.
每个人都有自己的名字.	měigerén dōu yǒu zìjǐ de míngzi	Each man has his own name.
你注意到了这一点是够机灵的。	nǐ zhùyì dàoliǎo zhè yīdiǎn shì gòu jīling de	It was very sharp of you to have noticed that.
我马上就来。	wǒ mǎshàng jiù lái	I'll be right with you.
她本来会嫁给他的，但知道他是个流氓后，她就离开他了。	tā běnlái huì jià gěi tā de dàn zhīdào tā shì gè liúmáng hòu tā jiù líkāi tā le	She would have married him, but when she learned that he was a rascal, she parted with him.
他的书对这一问题的论述是最好的，仅次于我的书。	tā de shū duì zhè yī wèntí de lùnshù shì zuìhǎo de jǐncìyú wǒ de shū	His book is the best on the subject after mine.
他警告我晚上不要到那去。	tā jǐnggào wǒ wǎnshang bùyào dào nà qù	He warned me against going there at night.
好像要下雨了。	hǎoxiàng yào xiàyǔ le	It looks as if it is going to rain.
你到底是怎么知道的？	nǐ dàodǐ shì zěnme zhīdào de	How on earth did you know it?
我们认为他值得信任。	wǒmen rènwéi tā zhíde xìnrèn	We esteem him to be worthy of trust.
鱼做得恰到好处。	yú zuò dé qiàdàohǎochù	The fish is done to a turn.
我还能有别的方法可以向她道歉吗？	wǒ hái néng yǒu biéde fāngfǎ kěyǐ xiàng tā dàoqiàn ma	How else can I apologize for her?
你吃了这片药神经就不那麽紧张了。	nǐ chī le zhè piàn yào shénjīng jiù bù nàme jǐnzhāng le	This pill will help to settle your nerves.
我姐姐和我都喜欢穿牛仔裤。	wǒ jiějie hé wǒ dōu xǐhuan chuān niúzǎikù	Both my sister and I like to wear jeans.
玛丽所有的钱是怎么赚到的？	Mǎlì suǒyǒu de qián shì zěnme zhuàn dào de	How did Mary make all of her money?
这两间大教室已经分配给我们了.	zhè liǎng jiān dà jiàoshì yǐjīng fēnpèi gěi wǒmen le	The two large classrooms have been assigned to us.
你把结果算对了吗？	nǐ bǎ jiéguǒ suàn duìle ma	Did you get the answer right?
你只要一看见她的脸就会明白，她是无辜的。	nǐ zhǐyào yī kànjiàn tā de liǎn jiù huì míngbai tā shì wúgū de	A glimpse of her face will tell you that she is innocent.
我们为什么要怕他呢？	wǒmen wèishénme yào pà tā ne	Why is it that we should be afraid of him?
他想扩充自己在这一行业的知识。	tā xiǎng kuòchōng zìjǐ zài zhè yī hángyè de zhīshi	He wants to widen his knowledge of the industry.
今天有多少学生缺席？	jīntiān yǒu duōshao xuésheng quēxí	How many students are absent today?
我已经足够大了，有权去做我喜欢做的事。	wǒ yǐjīng zúgòu dà le yǒuquán qù zuò wǒ xǐhuan zuò de shì	I'm old enough to have the freedom to do as I like.
这条峡谷里的景色非常美丽。	zhè tiáo xiágǔ lǐ de jǐngsè fēicháng měilì	The scene is very beautiful in this glen.
她和他的感受相同。	tā hé tā de gǎnshòu xiāngtóng	She felt just the same as he did.
发现她在那，我感到很吃惊。	fāxiàn tā zài nà wǒ gǎndào hěn chījīng	I was amazed to find her there.
他的粗鲁让我生气。	tā de cūlǔ ràng wǒ shēngqì	His rudeness made me really angry.
车祸夺去了他的妻子和儿子的生命。	chēhuò duó qù le tā de qīzi hé érzi de shēngmìng	The accident bereaved him of his wife and child.
她的任务是感化过去的罪犯。	tā de rènwu shì gǎnhuà guòqu de zuìfàn	Her mission was to reclaim former criminals.
因为我的愚蠢，我不得不站起来听他的批评。	yīnwèi wǒ de yúchǔn wǒ bùdébù zhànqǐlai tīng tā de pīpíng	I have to stand up listening to his criticism of my foolishness.
他的粗鲁惹得我揍了他。	tā de cūlǔ rě dé wǒ zòu le tā	His rudeness provoked me to strike him.
你喜欢姜汁啤酒吗？	nǐ xǐhuan jiāngzhī píjiǔ ma	Do you like ginger beer?
他和妻子吵架後就把她抛弃了。	tā hé qīzi chǎojià hòu jiù bǎ tā pāoqì le	He had a row with his wife and just walked out on her.
她的裙子上有个细长的开口。	tā de qúnzi shàng yǒu gè xìcháng de kāikǒu	Her skirt has a long slit.
报纸上的这篇文章为他的演讲提供了启发。	bàozhǐ shàng de zhè piān wénzhāng wéi tā de yǎnjiǎng tígōng le qǐfā	The newspaper article provided him with fuel for his speech.
你的这一班机是英国航空公司的飞机.	nǐ de zhè yī bānjī shì Yīngguó hángkōnggōngsī de fēijī	Your carrier for this flight is British Airways.
她女儿的漂亮眼睛是来自她的部分遗传特征。	tā nǚ'ér de piàoliang yǎnjing shì láizì tā de bùfen yíchuán tèzhēng	Her daughter's bonny eyes are parts of her heredity.
你的约会怎么样？	nǐ de yuēhuì zěnmeyàng	How was your date?
那册书还能买到吗？	nà cè shū hái néng mǎi dào ma	Is that volume still in print?
他带着心满意足的微笑告诉了我们。	tā dài zhe xīnmǎnyìzú de wēixiào gàosu le wǒmen	He told us with a smile of contentment.
他在社会福利部工作。	tā zài shèhuì fúlì bù gōngzuò	He worked in community welfare department.
他是世界上最富有的人。	tā shì shìjiè shàng zuì fù yǒude rén	He is the richest man in the world.
那衣服太昂贵，我买不起。	nà yīfu tài ángguì wǒ mǎibuqǐ	The dress is too expensive for me to buy.
你会习惯的。	nǐ huì xíguàn de	You'll get used to it.
以牺牲健康来求得工作上的成功是不值得的。	yǐ xīshēng jiànkāng lái qiúdé gōngzuò shàng de chénggōng shì bùzhíde de	Success in your job is not worth the sacrifice of your health.
那位体贴的丈夫对妻子的关怀使她感觉很不高兴。	nà wèi tǐtiē de zhàngfu duì qīzi de guānhuái shǐ tā gǎnjué hěn bù gāoxìng	The solicitude of the caring husband for his wife made her feel unhappy.
现在请注意它的商标。	xiànzài qǐng zhùyì tā de shāngbiāo	Now pay attention its brand please.
他擦去试卷上的铅笔笔迹然后递给了老师。	tā cā qù shìjuàn shàng de qiānbǐ bǐjì ránhòu dì gěi le lǎoshī	He erased pencil marks form the test paper and handed to the teacher.
她讲了她的冒险经历。	tā jiǎng le tā de màoxiǎn jīnglì	She recounted her adventures.
我不能肯定已经领会您的意思。是不是您不满意您现在的工作。	wǒ bùnéng kěndìng yǐjīng lǐnghuì nín de yìsi shìbùshì nín bùmǎnyì nín xiànzài de gōngzuò	I am not certain I have grasped what you meant. Is it(that) you are not satisfy with your present job?
你一定是在开玩笑吧。	nǐ yīdìng shì zài kāiwánxiào ba	You must be joking.
医生一会儿就到。	yīshēng yīhuìr jiù dào	The doctor will be here presently.
我还认识到了集体的力量。	wǒ hái rènshi dàoliǎo jítǐ de lìliang	I also learned the strength of the collective.
我已经把我所有的希望都寄托在你身上了。	wǒ yǐjīng bǎ wǒ suǒyǒu de xīwàng dōu jìtuō zài nǐ shēnshang le	I have staked all my hopes on you.
在我们家里，丈夫和我都挣工资。	zài wǒmen jiālǐ zhàngfu hé wǒ dōu zhèng gōngzī	In our family both my husband and I are wage earners.
关于此事，你能给我提供什么消息吗？	guānyú cǐ shì nǐ néng gěi wǒ tígōng shénme xiāoxi ma	Can you give me any information on this matter?
我觉得我有义务不这样。	wǒ juéde wǒ yǒu yìwù bù zhèyàng	I feel it is my duty not to.
她的智慧比我们猜想的要高。	tā de zhìhuì bǐ wǒmen cāixiǎng de yào gāo	She has more intelligence than we suspected her to possess.
我目前的这一切额外工作用去了我的闲暇时间.	wǒ mùqián de zhè yīqiè éwài gōngzuò yòng qù le wǒ de xiánxiá shíjiān	All this extra work I'm doing is breaking into my leisure time.
他的诚实是无可争议的。	tā de chéngshí shì wúkě zhēngyì de	His honesty is beyond dispute.
她干的工作比别人要好些。	tā gàn de gōngzuò bǐ biéren yàohǎo xiē	Her work is a cut above that of the others.
我们都关心她的健康。	wǒmen dōu guānxīn tā de jiànkāng	We are all concerned about her health.
我百分之百同意你的看法。	wǒ bǎifēnzhībǎi tóngyì nǐ de kànfǎ	I am a hundred percent in agreement with you.
她使她的手指和我的手指交错。	tā shǐ tā de shǒuzhǐ hé wǒ de shǒuzhǐ jiāocuò	She interlaced her fingers with mine.
万一我忘记，请提醒我。	wànyī wǒ wàngjì qǐng tíxǐng wǒ	In case (=If) I forget, please remind me.
你懂挪威语吗？	nǐ dǒng Nuówēi yǔ ma	Do you know Norwegian?
她是我们公司的一位秘书。	tā shì wǒmen gōngsī de yī wèi mìshū	She is a secretary in our company.
我的钢笔是新的。	wǒ de gāngbǐ shì xīn de	My pen is new.
我给他买了一袋糖果。	wǒ gěi tā mǎi le yī dài tángguǒ	I bought him a packet of sugar.
他不仅请我进屋，而且竟然还请喝了一杯。	tā bùjǐn qǐng wǒ jìn wū érqiě jìngrán hái qǐng hē le yī bēi	He not only invited me into his house but he actually offered me a drink.
随地吐痰是不允许的。	suídì tǔtán shì bù yǔnxǔ de	It's not allowed to spit everywhere.
你的初步措施是什么？	nǐ de chūbù cuòshī shì shénme	What are your preparatory measures?
我感到了猫在我的腿上蹭来蹭去。	wǒ gǎn dàoliǎo māo zài wǒ de tuǐ shàng cèng lái cèng qù	I could feel the cat rubbing up against my leg.
你周末计划做什么？	nǐ zhōumò jìhuà zuò shénme	What are your plans for the weekend?
你看了关于选举的新闻了吗？	nǐ kàn le guānyú xuǎnjǔ de xīnwén le ma	Have you read the news about the election?
因为天气热，她穿了一件凉快的衣服。	yīnwèi tiānqì rè tā chuān le yī jiàn liángkuai de yīfu	As it was a hot day she wore a cool dress.
我只要做的就是说服他跟我们一起去。	wǒ zhǐyào zuò de jiùshì shuōfú tā gēn wǒmen yīqǐ qù	All I have to do is persuade him to go with us.
我不喜欢他，但是说句公道话，他是个好工人。	wǒ bù xǐhuan tā dànshì shuō jù gōngdào huà tā shì gè hǎo gōngrén	I don't like him, but, to give him his due, he is a good worker.
他的盘子里盛满了米饭。	tā de pánzi lǐ chéng mǎn le mǐfàn	His plate was piled high with rice.
他的失败是再明白不过了。	tā de shībài shì zài míngbai bùguò le	His failure is as plain as plain can be.
她真心真意的帮助我。	tā zhēnxīn zhēnyì de bāngzhù wǒ	She helps me with heartfelt feeling.
大部分有学问的人都很谦虚。	dàbùfen yǒuxuéwèn de rén dōu hěn qiānxū	Most learned men are modest.
我把钥匙掉在这附近某个地方了。	wǒ bǎ yàoshi diào zài zhè fùjìn mǒu gè dìfang le	I dropped my key somewhere about here.
你介意我明天请假吗？	nǐ jièyì wǒ míngtiān qǐngjià ma	Are you mind if I take tomorrow off?
你疯了吗？	nǐ fēng le ma	Are you insane?
他给他的汽车装了空调。	tā gěi tā de qìchē zhuāng le kōngtiáo	He equipped his car with air conditioning.
她是个真正的专家。	tā shì gè zhēnzhèng de zhuānjiā	She is a real professional.
我打算娶她。	wǒ dǎsuàn qǔ tā	I'm going to marry her.
我知道他们和你在议论我。	wǒ zhīdào tāmen hé nǐ zài yìlùn wǒ	I know they have been discussing me with you.
书和我的关系正如同水和植物的关系。	shū hé wǒ de guānxi zhèng rútóng shuǐ hé zhíwù de guānxi	As water is to the plant, so are books to me.
你知道怎么挤牛奶吗？	nǐ zhīdào zěnme jǐ niúnǎi ma	Do you know how to milk a cow?
坐过去点，让你外婆坐下来。	zuò guòqu diǎn ràng nǐ wàipó zuò xiàlai	Move over and let your grandmother sit down.
我非常为你惋惜。	wǒ fēicháng wéi nǐ wǎnxī	I'm dreadfully sorry for you.
我的鞋底都断了。	wǒ de xiédǐ dōu duàn le	The soles of my shoes are broken.
我喜欢他的写作风格，但是不喜欢他的内容。	wǒ xǐhuan tā de xiězuò fēnggé dànshì bù xǐhuan tā de nèiróng	I like the style of his writing but I don't like the content.
老是有各种各样的天气，不论我们喜欢不喜欢。	lǎoshi yǒu gèzhǒnggèyàng de tiānqì bùlùn wǒmen xǐhuan bù xǐhuan	There's always weather, weather, whether we like it or not.
我们做了非正式的会晤。	wǒmen zuò le fēizhèngshì de huìwù	We had an informal meeting.
老实讲，我不同意你的计划。	lǎoshi jiǎng wǒ bùtóng yì nǐ de jìhuà	To tell the truth, I don't agree to your plan.
就我而言，我并不反对你的计划。	jiù wǒ éryán wǒ bìngbù fǎnduì nǐ de jìhuà	As far as I am concerned, I'm not against your plan.
请你把这封信复印一份好吗？	qǐng nǐ bǎ zhè fēng xìn fùyìn yī fèn hǎo ma	Could you Xerox this letter please?
情况始终都在变化。	qíngkuàng shǐzhōng dōu zài biànhuà	Conditions are changing all the time.
你们认为他是个好干部吗？	nǐmen rènwéi tā shì gè hǎo gànbù ma	Do you think him a good cadre?
你知道她为什么对他如此冷淡吗？	nǐ zhīdào tā wèishénme duì tā rúcǐ lěngdàn ma	Do you know why she is so strange to him?
他的家在这个城市的东北部。	tā de jiā zài zhège chéngshì de dōng běibù	His house is in the northeast of this city.
我希望这本书的字再大一点儿。	wǒ xīwàng zhè běn shū de zì zài dà yīdiǎnr	I wish this book was written in bigger character.
如果你愿意卖的话，我想买你的房子。	rúguǒ nǐ yuànyì mài dehuà wǒ xiǎng mǎi nǐ de fángzi	I'd like to buy your house if you are willing to sell it.
他向我告别。	tā xiàng wǒ gàobié	He has taken leave of me.
我去我叔叔家。	wǒ qù wǒ shūshu jiā	I am going to my uncle's.
你妈妈是个乐呵呵的容易相处的人。	nǐ māma shì gè lèhēhē de róngyì xiāngchǔ de rén	Your mother is a jolly, easy-going woman.
我恨他那讨厌的品行。	wǒ hèn tā nà tǎoyàn de pǐnxíng	I hate his obnoxious behavior.
现在到了紧要关头。	xiànzài dàoliǎo jǐnyàoguāntóu	We have come to the critical moment.
现在终于发现，是他偷了那笔钱。	xiànzài zhōngyú fāxiàn shì tā tōu le nà bǐ qián	It has emerged that he stole the money.
她一大早就起床了。	tā yīdàzǎo jiù qǐchuáng le	She rose with the lark.
他假装在爬山。	tā jiǎzhuāng zài páshān	He was pretending to climb a mountain.
我想我们今天的讨论大家都谈得差不多了。让我的秘书来送诸位出去吧。	wǒ xiǎng wǒmen jīntiān de tǎolùn dàjiā dōu tán dé chàbuduō le ràng wǒ de mìshū lái sòng zhūwèi chūqù ba	I think that just about concludes our discussion. Let my secretary show you out.
我和她商量过我的报告。	wǒ hé tā shāngliang guò wǒ de bàogào	I consulted with her about my report.
他不愿意受到打扰。	tā bù yuànyì shòudào dǎrǎo	He did not care to be disturbed.
她这个人不好说话，我想她不会答应我们的。	tā zhè gèrén bùhǎo shuōhuà wǒ xiǎng tā bùhuì dāying wǒmen de	She is a hard nut(to crack);I don't think she will give us permission.
好主意。我们或者吃汉堡包或者吃中餐。你更喜欢哪一样？	hǎo zhǔyi wǒmen huòzhě chī hànbǎobāo huòzhě chī Zhōngcān nǐ gèng xǐhuan nǎ yīyàng	Great idea. Let's have either hamburgers or Chinese food. What's your preference?
她的眼睛湿润了。	tā de yǎnjing shīrùn le	Her eyes moistened slightly.
我的眼镜框断了！	wǒ de yǎnjìng kuàng duàn le	My eyeglass frame is broken!
她努力要实现她的理想。	tā nǔlì yào shíxiàn tā de lǐxiǎng	She tries up to live up to her ideals.
我可以向你保证，你儿子在这里会很快乐的。	wǒ kěyǐ xiàng nǐ bǎozhèng nǐ érzi zài zhèlǐ huì hěn kuàilè de	I can assure you that your son will be happy here.
他在面条里放了些醋。	tā zài miàntiáo lǐ fàng le xiē cù	He put some vinegar in the noodles.
我原谅了他的过失。	wǒ yuánliàng le tā de guòshī	I looked over his faults.
她在学习以提高自己的代数水平。	tā zài xuéxí yǐ tígāo zìjǐ de dàishù shuǐpíng	She was studying to build up her algebra.
我们必须重新开始。	wǒmen bìxū chóngxīnkāishǐ	We must make a new start.
我们去吃冰淇淋吧。	wǒmen qù chī bīngqílín ba	Let's go for an ice cream.
天气很暖和，我就把大衣脱了。	tiānqì hěn nuǎnhuo wǒ jiù bǎ dàyī tuō le	I took off my overcoat since it was warm.
据说我们的祖先是猴子。	jùshuō wǒmen de zǔxiān shì hóuzi	It is said that our progenitors are monkeys.
我准备花多少钱是有限度的.	wǒ zhǔnbèi huā duōshao qián shì yǒuxiàn dù de	There's a limit to how much I'm prepared to spend.
我喜欢和我的家人沟通。	wǒ xǐhuan hé wǒ de jiārén gōutōng	I like to communicate with my family.
没人理睬他。	méi rén lǐcǎi tā	Nobody speaks to him.
我已经写了三个小时了。	wǒ yǐjīng xiě le sān gè xiǎoshí le	I've been writing for three hours.
许多新税收都是有争议的。	xǔduō xīn shuìshōu dōu shì yǒu zhēngyì de	Many of the new taxes are controversial.
她觉察到她的机会。	tā juéchá dào tā de jīhuì	She awoke to her opportunity.
不协调的；不和谐的	bùxiétiáo de bù héxié de	Lacking in harmony.
她的衣服让钉子给钩住了。	tā de yīfu ràng dīngzi gěi gōuzhù le	Her dress caught on a nail.
他十岁的时候就已经长得比他哥哥高了。	tā shí suì de shíhou jiù yǐjīng zhǎngde bǐ tā gēge gāo le	By the time he is ten, he has outgrown his older brother.
请做这个句子的填空。	qǐng zuò zhège jùzi de tiánkòng	Please fill in the blanks in the sentence.
我一走近她的办公桌，她就瞪我。	wǒ yī zǒu jìn tā de bàngōng zhuō tā jiù dèng wǒ	She glares at me if I go near her desk.
房间里挤满了客人。	fángjiān lǐ jǐmǎn le kèrén	The room was crowded with guests.
小猫喝了牛奶，又洗了脸。	xiǎomāo hē le niúnǎi yòu xǐ le liǎn	The little cat drank its milk and washed its face.
有道理，我认为那是非常公道的价格。	yǒudàoli wǒ rènwéi nàshi fēicháng gōngdào de jiàgé	Fair enough, I think that's a very reasonable price.
你可以在这本书的第一部分找到你要的资料。	nǐ kěyǐ zài zhè běn shū de dìyī bùfen zhǎodào nǐ yào de zīliào	You may find the information you need in the first portion of the book.
是的，当然可以。	shìde dāngrán kěyǐ	Yes, certainly.
他的行为表明他是可敬的。	tā de xíngwéi biǎomíng tā shì kějìng de	His conduct speaks him honorable.
他紧张地坐着，整理着他的思绪。	tā jǐnzhāng dì zuò zhe zhěnglǐ zhe tā de sīxù	He sat nervously, marshal his thought.
冬天的时候，我们不得不穿上温暖的衣服。	dōngtiān de shíhou wǒmen bùdébù chuānshang wēnnuǎn de yīfu	We have to put on warm clothing in winter.
不休息我们就走不动了。	bù xiūxi wǒmen jiù zǒu bùdòng le	We can't go any farther without a rest.
他的拒绝浇熄了我们的热情。	tā de jùjué jiāo xī le wǒmen de rèqíng	His refusal iced our enthusiasm.
你知道谁是电灯的发明者？	nǐ zhīdào shéi shì diàndēng de fāmíngzhě	Do you know who is the creator of the electric bulb?
他学习日语的兴趣逐渐消失了。	tā xuéxí Rìyǔ de xìngqù zhújiàn xiāoshī le	His interest in learning Japanese has petered out.
她的记性很好.	tā de jìxìng hěn hǎo	She has a good memory.
谁迟到谁倒霉！	shéi chídào shéi dǎoméi	Woe betide anyone who arrives late!
我们发现可折叠的桌子使用非常方便。	wǒmen fāxiàn kě zhédié de zhuōzi shǐyòng fēicháng fāngbiàn	We find our folding table a great convenience.
现在我不会唱歌了，但我年轻的时候会。	xiànzài wǒ bùhuì chànggē le dàn wǒ niánqīng de shíhou huì	I can't sing now, but I could when I was young.
她抱怨名单上遗漏了她的名字。	tā bàoyuàn míngdān shàng yílòu le tā de míngzi	She complained about the omission of her name from the list.
你不喜欢那座亭子吗？	nǐ bù xǐhuan nà zuò tíngzi ma	Do not you love that pavilion?
你的鼓励使我对我的未来更加有信心。	nǐ de gǔlì shǐ wǒ duì wǒ de wèilái gèngjiā yǒu xìnxīn	Your encouragement made me more confident of my future.
他的级别比我高。	tā de jíbié bǐ wǒ gāo	He is above me in rank.
我始终认为帮助别人是重要的。	wǒ shǐzhōng rènwéi bāngzhù biéren shì zhòngyào de	I always make a point of giving a hand to others.
他是我可以信赖的那一种人。	tā shì wǒ kěyǐ xìnlài de nà yīzhǒng rén	He is a man on whom I can rely.
他急切地取食物，因为从黎明开始，他一直没吃东西。	tā jíqiè dì qǔ shíwù yīnwèi cóng límíng kāishǐ tā yīzhí méi chī dōngxi	He took the food eagerly, for he had eaten nothing since dawn.
爱邻居犹如爱自己。	ài línjū yóurú ài zìjǐ	Love your neighbors as yourself.
她羞怯地从她的扇子后面看了他一眼。	tā xiūqiè dì cóng tā de shànzi hòumian kàn le tā yīyǎn	She glanced shyly at him from behind her fan.
他那无聊的闲扯会使你烦恼。	tā nà wúliáo de xiánchě huì shǐ nǐ fánnǎo	His silly chatter would vex you.
他在食槽里放了些草。	tā zài shícáo lǐ fàng le xiē cǎo	He put some grass in the manger.
婴儿把吃进去的东西吐在桌子上了.	yīng'ér bǎ chī jìnqù de dōngxi tǔ zài zhuōzi shàng le	The baby spat its food (out) onto the table.
我的铅笔钝了，你能借我把刀子削一削吗？	wǒ de qiānbǐ dùn le nǐ néng jiè wǒ bǎ dāozi xiāo yī xiāo ma	My pencil is blunt, could you lend me a knife to sharpen it?
我喜欢你的幽默感。	wǒ xǐhuan nǐ de yōumògǎn	I like your sense of humor.
你最好把我的书给我，否则我的测验将要不及格了。	nǐ zuìhǎo bǎ wǒ de shū gěi wǒ fǒuzé wǒ de cèyàn jiāngyào bùjígé le	You'd better give me my book, otherwise I'll fail my test.
她用蔑视的态度和我们说话。	tā yòng mièshì de tàidu hé wǒmen shuōhuà	She talked to us with a defiant manner.
她将我介绍给她的父母。	tā jiāng wǒ jièshào gěi tā de fùmǔ	She introduced me to her parents.
这两个花样我都不喜欢。	zhè liǎng gè huāyàng wǒ dōu bù xǐhuan	I like neither of the designs. (=I don't like either of the designs.)
每个母亲都爱她的孩子。	měi gè mǔqīn dōu ài tā de háizi	Every mother has affection for her children.
我们都被他的爱国精神深深感动了。	wǒmen dōu bèi tā de àiguó jīngshén shēnshēn gǎndòng le	We are all deeply moved by his patriotism.
他真有胆量，穿着那身衣服去工作。	tā zhēn yǒudǎnliàng chuānzhuó nà shēn yīfu qù gōngzuò	He's got a nerve, going to work dressed like that.
老师问了我一些和我的论文有关的问题。	lǎoshī wèn le wǒ yīxiē hé wǒ de lùnwén yǒuguān de wèntí	The teacher asked me some questions relative to my paper.
我很想吃饺子。	wǒ hěn xiǎng chī jiǎozi	I feel like having some dumplings.
我认为他是更合适的人选。	wǒ rènwéi tā shì gèng héshì de rénxuǎn	In my estimation, he is a more suitable candidate.
我感觉不舒服。	wǒ gǎnjué bùshūfu	I'm not feeling well.
他请求我们帮他完成他的计划。	tā qǐngqiú wǒmen bāng tā wánchéng tā de jìhuà	He asked us to assist him in carrying through his plan.
我的厨房里有好几个勺子。	wǒ de chúfáng lǐ yǒu hǎo jǐge sháozi	There are several scoops in my kitchen.
每个男人都有他的用处，每个女人都有她的藉口。	měi gè nánrén dōu yǒu tā de yòngchu měi gè nǚrén dōu yǒu tā de jièkǒu	Every man has his uses, and every woman her excuses.
我可以证明她是诚实的。	wǒ kěyǐ zhèngmíng tā shì chéngshí de	I can certify to her honesty.
他昨天没打扫房间。	tā zuótiān méi dǎsǎo fángjiān	He didn't clean the room yesterday.
他和他哥哥一样英俊。	tā hé tā gēge yīyàng yīngjùn	He is as handsome as his brother (is).
他的聪明和技巧使我们赞叹不已。	tā de cōngming hé jìqiǎo shǐ wǒmen zàntànbùyǐ	His cleverness and skill compel our admiration.
她不在乎你是否喜欢她。	tā bùzàihu nǐ shìfǒu xǐhuan tā	She does not care whether you like her or not.
你记得她的名字吗？	nǐ jìde tā de míngzi ma	Do you recollect her name?
如果我是你，我现在就不会进去找他。他这会儿心情不好，见谁骂谁，看什么都不顺眼。	rúguǒ wǒ shì nǐ wǒ xiànzài jiù bùhuì jìnqù zhǎo tā tā zhèhuìr xīnqíng bùhǎo jiàn shéi mà shéi kàn shénme dōu bù shùnyǎn	I shouldn't go in and see him now if I were you. He's having one of his bad days, swearing at everything and everyone.
你知道是谁发明的指南针吗？	nǐ zhīdào shì shéi fāmíng de zhǐnánzhēn ma	Do you know who invents the compass?
不开心是他生病的根源。	bù kāixīn shì tā shēngbìng de gēnyuán	Unhappiness is the root cause of his illness.
他的意见没多少影响。	tā de yìjiàn méi duōshao yǐngxiǎng	His opinion doesn't carry much weight.
我很匆忙, 所以随便地把衣服穿上了。	wǒ hěn cōngmáng suǒyǐ suíbiàn dì bǎ yīfu chuānshang le	I was in such a hurry that I put my clothes on anyhow.
我指望你来安排一切。	wǒ zhǐwàng nǐ lái ānpái yīqiè	I am banking upon you to help me with arrangements.
自从他是小孩时，他就喜欢狗。	zìcóng tā shì xiǎohái shí tā jiù xǐhuan gǒu	He has liked dogs since he was a child.
她写了一本关于巴黎公社的书。	tā xiě le yī běn guānyú Bālí Gōngshè de shū	She wrote a book on the Paris Commune.
即使这工作要花掉我六个星期的时间，我仍决心要把它完成。	jíshǐ zhè gōngzuò yào huādiào wǒ liù gè xīngqī de shíjiān wǒ réng juéxīn yào bǎ tā wánchéng	Even if it will take me six weeks, I am determined to finish the job.
咱们一起复习你的英语练习好吗？	zánmen yīqǐ fùxí nǐ de Yīngyǔ liànxí hǎo ma	Shall we go over your English exercises together?
我已经在这家旅馆里住了两个星期了。	wǒ yǐjīng zài zhè jiā lǚguǎn lǐ zhù le liǎng gè xīngqī le	I have been resident in this hotel for two weeks.
请接受我的慰问。	qǐng jiēshòu wǒ de wèiwèn	Please accept my condolences.
在桌上的银相框里有张她丈夫的照片。	zài zhuō shàng de yín xiàngkuàng lǐ yǒu zhāng tā zhàngfu de zhàopiàn	In a silver frame on the table there is a photograph of her husband.
这本书是他以前写的剧本的扩充。	zhè běn shū shì tā yǐqián xiě de jùběn de kuòchōng	This book is an expansion of the play he wrote before.
她不把我们的警告放在心上。	tā bù bǎ wǒmen de jǐnggào fàngzàixīnshàng	She paid no heed to our warnings.
我确信他是个可靠的接班人。	wǒ quèxìn tā shì gè kěkào de jiēbānrén	I am sure that he is a reliable successor.
她的书法有了明显的进步。	tā de shūfǎ yǒule míngxiǎn de jìnbù	There's been a noticeable improvement in her handwriting.
我们想去参加化装舞会。	wǒmen xiǎng qù cānjiā huàzhuāng wǔhuì	We want to join in the masquerade.
他和往常一样努力工作。	tā hé wǎngcháng yīyàng nǔlì gōngzuò	He works as hard as ever.
该被责怪的人是你。	gāi bèi zéguài de rén shì nǐ	It is you who are to blame.
你喜欢香港吗？	nǐ xǐhuan Xiānggǎng ma	How do you like Hong Kong?
她喜欢随着快节奏的音乐跳舞。	tā xǐhuan suízhe kuài jiézòu de yīnyuè tiàowǔ	She loves to dance to fast music.
我不太满意他对这个句子的翻译。	wǒ bù tài mǎnyì tā duì zhège jùzi de fānyì	I'm not satisfied with his interpretation of this sentence.
我对他很生气，因为他让我等了好久。	wǒ duì tā hěn shēngqì yīnwèi tā ràng wǒděng le hǎojiǔ	I was angry with him for keeping me waiting.
即使下雨我们也要去。	jíshǐ xiàyǔ wǒmen yě yào qù	We'll go even if it rains.
她的亲切给我留下了很深的印象。	tā de qīnqiè gěi wǒ liúxià le hěn shēn de yìnxiàng	Her gentleness has given me a deep impression.
请您放心，还款是有保障的。	qǐng nín fàngxīn huánkuǎn shì yǒu bǎozhàng de	Please rest assured that repayment is ensured.
你能告诉我去火车站最近的路吗？	nǐ néng gàosu wǒ qù huǒchēzhàn zuìjìn de lù ma	Can you tell me the nearest way to the railway station?
老师赞扬了她的勇气。	lǎoshī zànyáng le tā de yǒngqì	The teacher praised her for her courage.
人是有理性的生物。	rén shì yǒu lǐxìng de shēngwù	Man is a rational being.
未成熟的苹果是酸的。	wèi chéngshú de píngguǒ shì suān de	Green apples are sour.
我们在危险的时候应该保持冷静。	wǒmen zài wēixiǎn de shíhou yīnggāi bǎochí lěngjìng	We should keep our composure in danger.
我们应该学习祖先的成就。	wǒmen yīnggāi xuéxí zǔxiān de chéngjiù	We should study our ancestral achievements.
他让他的马退出了比赛。	tā ràng tā de mǎ tuìchū le bǐsài	He withdrew his horse from the race.
你能扶我上楼梯吗？	nǐ néng fú wǒ shàng lóutī ma	Could you help me up the stairs?
他得了肺炎。	tā déle fèiyán	He has an inflammation of the lungs.
她和我在学院里是同学。	tā hé wǒ zài xuéyuàn lǐ shì tóngxué	She and I were contemporaries at college.
他的诗集去年发表了。	tā de shījí qùnián fābiǎo le	His poetry was published last year.
我想北极地区的人要比这里的少得多。	wǒ xiǎng běijí dìqū de rén yào bǐ zhèlǐ de shǎo dé duō	I guess there are much less people in the Arctic regions than here.
我喜欢读一些关于电子音乐的书。	wǒ xǐhuan dú yīxiē guānyú diànzǐ yīnyuè de shū	I like to read books on electronic music.
他要我问候你。	tā yào wǒ wènhòu nǐ	He asked me to inquire after you.
你们有适合我穿的现成的衣服吗？	nǐmen yǒu shìhé wǒ chuān de xiànchéng de yīfu ma	Do you have anything ready- make that will fit me?